21.9705,826.929,-0.405808
21.9634,826.82,-0.423723
21.9513,826.63,-0.412578
21.9374,826.414,-0.417647
21.9255,826.236,-0.431462
21.9117,826.037,-0.429037
21.8982,825.84,-0.420314
21.8853,825.647,-0.416883
21.8727,825.449,-0.418616
21.8593,825.244,-0.422637
21.8446,825.041,-0.425199
21.832,824.869,-0.425495
21.8187,824.674,-0.424501
21.8056,824.48,-0.423339
21.7918,824.286,-0.422334
21.7762,824.096,-0.421683
21.7579,823.908,-0.421607
21.7401,823.741,-0.421915
21.7203,823.546,-0.42215
21.7058,823.384,-0.422066
21.6906,823.203,-0.421431
21.6733,823.018,-0.420425
21.653,822.842,-0.419744
21.6293,822.669,-0.419873
21.6036,822.497,-0.420579
21.5771,822.317,-0.421086
21.5531,822.14,-0.421247
21.5316,821.972,-0.42055
21.512,821.82,-0.418936
21.4883,821.654,-0.41671
21.4619,821.491,-0.414845
21.4338,821.332,-0.413911
21.4018,821.161,-0.413855
21.375,821.015,-0.41378
21.3399,820.807,-0.422308
21.3053,820.592,-0.421631
21.2702,820.372,-0.409664
21.235,820.157,-0.398493
21.1978,819.943,-0.391423
21.1582,819.737,-0.387293
21.1139,819.529,-0.385398
21.064,819.315,-0.38549
21.0108,819.108,-0.384836
20.9576,818.921,-0.382516
20.9062,818.757,-0.380684
20.8554,818.609,-0.379956
20.7914,818.439,-0.380396
20.7176,818.264,-0.382098
20.6565,818.134,-0.384897
20.5791,817.978,-0.388623
20.5046,817.832,-0.390877
20.4306,817.686,-0.391818
20.3642,817.558,-0.392241
20.2885,817.417,-0.393468
20.2064,817.267,-0.396047
20.124,817.119,-0.398318
20.0471,816.983,-0.398472
19.9682,816.848,-0.397215
19.8863,816.715,-0.395635
19.8155,816.604,-0.394813
19.7329,816.48,-0.394481
19.6511,816.362,-0.394607
19.5706,816.252,-0.394637
19.4824,816.138,-0.394433
19.4131,816.053,-0.394088
19.3317,815.96,-0.393653
19.2571,815.879,-0.393948
19.1125,815.735,-0.396676
19.0378,815.662,-0.397595
18.962,815.588,-0.398173
18.8788,815.509,-0.398403
18.7377,815.373,-0.39203
18.5952,815.237,-0.382392
18.4582,815.106,-0.375986
18.3837,815.035,-0.376627
18.2466,814.91,-0.380545
18.1446,814.815,-0.392017
18.0054,814.686,-0.402502
17.8584,814.551,-0.398705
17.7152,814.42,-0.392695
17.5583,814.278,-0.388894
17.4009,814.138,-0.387185
17.2475,814.006,-0.386041
17.0977,813.878,-0.384923
16.9657,813.765,-0.38528
16.8176,813.635,-0.387609
16.6645,813.5,-0.391593
16.499,813.355,-0.402784
16.2566,813.142,-0.412682
16.0205,812.937,-0.407323
15.787,812.734,-0.399314
15.5538,812.532,-0.395856
15.3212,812.329,-0.396013
15.0869,812.124,-0.396593
14.8573,811.923,-0.396265
14.6105,811.708,-0.396009
14.3811,811.507,-0.396141
14.1528,811.308,-0.396355
13.9262,811.11,-0.396754
13.7287,810.936,-0.397076
13.5061,810.737,-0.396748
13.2865,810.542,-0.396744
13.0457,810.329,-0.397701
12.8442,810.15,-0.3984
12.6289,809.954,-0.398726
12.422,809.758,-0.398983
12.2206,809.558,-0.399403
12.023,809.355,-0.400157
11.8155,809.137,-0.400983
11.6334,808.949,-0.401519
11.4153,808.727,-0.401728
11.2228,808.53,-0.40198
11.0793,808.378,-0.402566
10.8836,808.161,-0.403346
10.7099,807.958,-0.403028
10.5275,807.735,-0.402655
10.3888,807.556,-0.403407
10.2183,807.329,-0.405011
10.0611,807.118,-0.40647
9.90619,806.913,-0.407368
9.75011,806.706,-0.407829
9.59407,806.502,-0.408425
9.43776,806.299,-0.409422
9.28009,806.098,-0.410651
9.10208,805.878,-0.412569
8.9437,805.683,-0.414445
8.78572,805.486,-0.415873
8.64585,805.308,-0.416723
8.49168,805.112,-0.417923
8.34807,804.931,-0.419491
8.18869,804.735,-0.421058
8.02766,804.542,-0.422502
7.86593,804.357,-0.424346
7.69935,804.173,-0.426858
7.53456,803.998,-0.429647
7.36579,803.822,-0.431981
7.20172,803.648,-0.433213
7.03948,803.473,-0.43298
6.87829,803.3,-0.431979
6.70367,803.119,-0.430917
6.55131,802.969,-0.42978
6.36994,802.797,-0.428008
6.20445,802.648,-0.426713
6.0338,802.501,-0.427176
5.88607,802.378,-0.428155
5.71653,802.236,-0.428864
5.54906,802.096,-0.429066
5.3983,801.972,-0.429139
5.22688,801.836,-0.429484
5.05538,801.708,-0.429802
4.88722,801.59,-0.42959
4.71154,801.475,-0.429118
4.55054,801.375,-0.429017
4.38709,801.282,-0.430299
4.22423,801.196,-0.433393
4.06023,801.114,-0.436189
3.91662,801.043,-0.437648
3.74815,800.961,-0.438709
3.58601,800.884,-0.438586
3.44181,800.815,-0.436881
3.27964,800.738,-0.434057
3.11765,800.661,-0.43247
2.94865,800.581,-0.433008
2.78127,800.503,-0.434563
2.63824,800.439,-0.43523
2.45018,800.359,-0.434777
2.30486,800.3,-0.433929
2.14185,800.237,-0.433794
1.98666,800.18,-0.434559
1.84411,800.128,-0.435379
1.68541,800.07,-0.435313
1.52811,800.011,-0.434379
1.36938,799.953,-0.433588
1.2137,799.899,-0.433919
1.04706,799.844,-0.434876
0.9061,799.798,-0.435212
0.749265,799.748,-0.43483
0.589705,799.698,-0.434068
0.430218,799.648,-0.433328
0.277751,799.6,-0.433192
0.120464,799.551,-0.433962
-0.0699156,799.494,-0.444441
-0.314449,799.42,-0.457546
-0.566134,799.344,-0.456562
-0.825329,799.266,-0.452271
-1.08027,799.192,-0.450615
-1.29998,799.13,-0.451304
-1.54577,799.067,-0.452841
-1.78997,799.01,-0.454249
-1.99329,798.966,-0.455757
-2.23897,798.916,-0.45792
-2.48476,798.865,-0.459677
-2.72711,798.812,-0.460923
-3.02293,798.747,-0.471473
-3.32056,798.682,-0.474017
-3.6598,798.609,-0.466494
-3.9708,798.544,-0.462129
-4.27758,798.484,-0.461636
-4.58859,798.429,-0.462528
-4.88199,798.385,-0.463104
-5.15108,798.351,-0.463868
-5.44878,798.321,-0.465419
-5.77964,798.29,-0.467175
-6.04202,798.264,-0.468427
-6.33518,798.234,-0.469562
-6.63198,798.202,-0.470252
-6.93018,798.17,-0.470505
-7.23044,798.141,-0.470489
-7.51864,798.118,-0.470444
-7.81227,798.1,-0.470248
-8.08989,798.089,-0.469997
-8.36633,798.086,-0.469658
-8.63622,798.09,-0.469569
-8.90455,798.103,-0.470731
-9.20031,798.123,-0.472335
-9.45412,798.143,-0.473152
-9.71008,798.162,-0.475181
-10.0295,798.185,-0.476022
-10.2285,798.199,-0.475353
-10.5748,798.223,-0.474314
-10.8464,798.243,-0.474138
-11.0419,798.259,-0.474183
-11.3558,798.29,-0.47397
-11.579,798.317,-0.473624
-11.8386,798.353,-0.473396
-12.1088,798.397,-0.4736
-12.3327,798.44,-0.47446
-12.592,798.494,-0.479089
-12.8968,798.557,-0.489112
-13.208,798.622,-0.485137
-13.5442,798.692,-0.478543
-13.8427,798.752,-0.476224
-14.1146,798.808,-0.475887
-14.4161,798.874,-0.475404
-14.7105,798.944,-0.474442
-14.9961,799.02,-0.473669
-15.2739,799.101,-0.472938
-15.5735,799.199,-0.47208
-15.8049,799.283,-0.471454
-16.0511,799.383,-0.470736
-16.2871,799.49,-0.470009
-16.5058,799.603,-0.469232
-16.7084,799.72,-0.469351
-16.9046,799.847,-0.471369
-17.1132,799.99,-0.473497
-17.3244,800.139,-0.483231
-17.6019,800.343,-0.491357
-17.8371,800.524,-0.484467
-18.0572,800.699,-0.477398
-18.304,800.899,-0.474191
-18.5482,801.098,-0.473996
-18.8187,801.315,-0.474795
-19.0431,801.493,-0.475116
-19.2886,801.689,-0.47477
-19.5362,801.888,-0.474336
-19.7739,802.082,-0.474357
-20.0017,802.274,-0.474718
-20.2293,802.474,-0.474846
-20.4681,802.696,-0.474326
-20.6724,802.896,-0.473798
-20.8683,803.102,-0.473257
-21.0282,803.283,-0.472497
-21.1972,803.49,-0.471667
-21.3484,803.694,-0.471168
-21.4837,803.896,-0.472329
-21.5968,804.078,-0.474115
-21.7224,804.29,-0.47554
-21.8451,804.502,-0.4762
-21.9618,804.71,-0.476581
-22.0782,804.921,-0.476859
-22.1945,805.135,-0.478758
-22.3321,805.389,-0.489315
-22.4831,805.667,-0.488323
-22.6325,805.94,-0.480524
-22.7809,806.212,-0.476033
-22.9262,806.483,-0.47502
-23.0691,806.761,-0.475144
-23.1923,807.015,-0.474667
-23.3221,807.302,-0.473518
-23.4238,807.545,-0.472398
-23.5385,807.848,-0.469799
-23.6095,808.065,-0.466986
-23.6835,808.333,-0.463633
-23.7253,808.51,-0.463204
-23.7867,808.792,-0.465578
-23.8307,808.999,-0.468356
-23.8857,809.263,-0.471
-23.9284,809.477,-0.471367
-23.9757,809.724,-0.469324
-24.013,809.952,-0.465607
-24.0404,810.177,-0.460251
-24.0596,810.395,-0.453033
-24.073,810.61,-0.448909
-24.0874,810.827,-0.449636
-24.1076,811.07,-0.459631
-24.1333,811.371,-0.468921
-24.1646,811.744,-0.470167
-24.192,812.094,-0.459415
-24.2203,812.455,-0.444626
-24.2453,812.806,-0.417291
-24.2692,813.109,-0.393921
-24.2981,813.446,-0.380595
-24.3299,813.813,-0.373664
-24.3554,814.109,-0.372741
-24.3806,814.449,-0.376718
-24.3969,814.772,-0.384477
-24.4099,815.098,-0.390138
-24.4265,815.429,-0.389188
-24.449,815.789,-0.38105
-24.4688,816.101,-0.374443
-24.4865,816.396,-0.372558
-24.5064,816.743,-0.379291
-24.532,817.181,-0.384751
-24.5574,817.62,-0.375081
-24.5795,817.995,-0.364032
-24.6052,818.426,-0.358531
-24.6284,818.823,-0.358093
-24.6523,819.236,-0.358858
-24.6772,819.668,-0.360557
-24.7039,820.131,-0.370853
-24.7314,820.607,-0.37018
-24.7551,821.023,-0.363196
-24.7789,821.496,-0.358182
-24.7921,821.894,-0.357
-24.7967,822.352,-0.357015
-24.7881,822.841,-0.357525
-24.7745,823.254,-0.357826
-24.7605,823.711,-0.357969
-24.7507,824.169,-0.358266
-24.7429,824.62,-0.358659
-24.7341,825.068,-0.358967
-24.7239,825.527,-0.359076
-24.7143,825.944,-0.358905
-24.7062,826.376,-0.358776
-24.7024,826.791,-0.358725
-24.6982,827.232,-0.358787
-24.6921,827.671,-0.359005
-24.6857,828.117,-0.359396
-24.6803,828.494,-0.35981
-24.6755,828.841,-0.360212
-24.6691,829.32,-0.360717
-24.6642,829.692,-0.361068
-24.6587,830.103,-0.361335
-24.6532,830.51,-0.361525
-24.6477,830.914,-0.361782
-24.6427,831.316,-0.362072
-24.6399,831.714,-0.362494
-24.6386,832.13,-0.362898
-24.6356,832.544,-0.363234
-24.6344,832.956,-0.363409
-24.6388,833.338,-0.363833
-24.6459,833.687,-0.364251
-24.6514,834.07,-0.364617
-24.655,834.423,-0.36494
-24.6606,834.804,-0.365292
-24.6662,835.191,-0.36565
-24.6711,835.567,-0.366026
-24.6765,835.941,-0.36632
-24.6821,836.332,-0.36647
-24.6877,836.722,-0.366586
-24.6928,837.086,-0.366698
-24.6973,837.409,-0.366873
-24.7024,837.772,-0.367167
-24.7075,838.134,-0.367579
-24.7125,838.494,-0.368026
-24.7177,838.862,-0.368369
-24.7227,839.221,-0.36852
-24.7276,839.574,-0.368646
-24.7325,839.925,-0.368859
-24.7373,840.275,-0.3692
-24.7414,840.569,-0.369545
-24.7461,840.913,-0.369916
-24.7509,841.264,-0.370158
-24.7551,841.604,-0.370234
-24.7572,841.946,-0.370234
-24.7536,842.285,-0.370298
-24.7421,842.626,-0.370396
-24.722,842.953,-0.370484
-24.6923,843.274,-0.370614
-24.653,843.578,-0.370692
-24.6025,843.879,-0.371646
-24.5354,844.209,-0.379874
-24.4528,844.586,-0.391186
-24.3571,844.998,-0.394009
-24.2558,845.41,-0.38471
-24.1646,845.774,-0.378607
-24.0634,846.186,-0.376834
-23.9652,846.592,-0.377171
-23.8582,847.031,-0.377089
-23.7701,847.386,-0.376376
-23.6612,847.806,-0.375268
-23.5502,848.199,-0.37413
-23.4315,848.58,-0.371781
-23.3044,848.947,-0.36847
-23.1695,849.297,-0.364989
-23.0218,849.64,-0.361805
-22.8658,849.963,-0.359194
-22.6827,850.298,-0.356989
-22.4826,850.616,-0.355244
-22.3591,850.792,-0.354286
-22.1763,851.026,-0.352784
-21.9938,851.232,-0.351998
-21.7811,851.444,-0.353766
-21.5779,851.628,-0.364388
-21.3253,851.844,-0.371473
-21.0677,852.048,-0.36576
-20.8046,852.243,-0.361145
-20.5378,852.43,-0.360667
-20.2683,852.612,-0.362227
-19.9805,852.802,-0.36327
-19.7105,852.98,-0.36264
-19.4335,853.163,-0.36165
-19.2027,853.316,-0.361503
-18.9282,853.499,-0.36144
-18.6658,853.673,-0.361229
-18.3807,853.86,-0.360936
-18.1532,854.009,-0.360829
-17.8886,854.177,-0.360797
-17.629,854.336,-0.360632
-17.3635,854.489,-0.360074
-17.1029,854.631,-0.360525
-16.8428,854.761,-0.361718
-16.5628,854.889,-0.363519
-16.3046,854.994,-0.3673
-16.0737,855.079,-0.372095
-15.8136,855.168,-0.376031
-15.5283,855.263,-0.377675
-15.2994,855.338,-0.377751
-15.0225,855.427,-0.377349
-14.7478,855.516,-0.381251
-14.438,855.617,-0.389558
-14.1175,855.721,-0.385357
-13.8152,855.818,-0.381173
-13.4873,855.919,-0.381549
-13.1908,856.005,-0.384061
-12.845,856.095,-0.386461
-12.539,856.166,-0.387457
-12.2683,856.219,-0.388265
-11.9711,856.267,-0.389535
-11.6498,856.306,-0.392141
-11.3883,856.33,-0.394587
-11.0956,856.352,-0.396598
-10.7904,856.373,-0.401114
-10.374,856.401,-0.413909
-10.0289,856.422,-0.419511
-9.52385,856.454,-0.42206
-9.08494,856.481,-0.418655
-8.59443,856.511,-0.40815
-8.10388,856.541,-0.401987
-7.60097,856.572,-0.400645
-7.08815,856.603,-0.400909
-6.65312,856.629,-0.401284
-6.17265,856.658,-0.401709
-5.67272,856.689,-0.409367
-5.1314,856.722,-0.417848
-4.55079,856.757,-0.414694
-3.99751,856.791,-0.407344
-3.44642,856.823,-0.403999
-2.86642,856.851,-0.403733
-2.33214,856.866,-0.404376
-1.79366,856.872,-0.405029
-1.31085,856.877,-0.405296
-0.780147,856.887,-0.405753
-0.207428,856.898,-0.406571
0.255687,856.907,-0.407316
0.850142,856.919,-0.408159
1.37412,856.928,-0.408641
1.88528,856.937,-0.409025
2.4451,856.947,-0.409437
2.90999,856.955,-0.409844
3.41446,856.964,-0.412487
3.89245,856.973,-0.420508
4.47694,856.983,-0.427202
5.0911,856.994,-0.429733
5.74174,857.005,-0.430258
6.44257,857.017,-0.430309
7.24324,857.031,-0.429858
7.99641,857.043,-0.422311
8.63273,857.054,-0.416913
9.35997,857.066,-0.414633
10.1562,857.08,-0.414874
10.794,857.09,-0.415535
11.5709,857.104,-0.416253
12.3256,857.116,-0.41696
13.0241,857.128,-0.417449
13.7439,857.141,-0.418206
14.4448,857.154,-0.419698
15.2267,857.168,-0.420071
15.9251,857.181,-0.420225
16.6275,857.194,-0.421257
17.3219,857.207,-0.421631
17.9433,857.218,-0.420107
18.6321,857.231,-0.417552
19.2421,857.241,-0.414792
19.966,857.253,-0.412226
20.6582,857.266,-0.410717
21.3433,857.279,-0.410347
22.0096,857.291,-0.409754
22.6992,857.304,-0.407352
23.275,857.314,-0.404046
24.0402,857.328,-0.400243
24.7176,857.34,-0.397997
25.4042,857.353,-0.39796
26.0387,857.364,-0.398511
26.6073,857.373,-0.398638
27.2615,857.384,-0.397834
27.9147,857.396,-0.395934
28.5577,857.406,-0.394742
29.2557,857.418,-0.394288
29.8233,857.427,-0.393787
30.4572,857.438,-0.391698
31.0918,857.448,-0.387122
31.7267,857.459,-0.38286
32.354,857.469,-0.380955
32.9796,857.48,-0.381513
33.6708,857.491,-0.383288
34.2834,857.502,-0.384711
34.9007,857.511,-0.385464
35.443,857.52,-0.385689
36.0518,857.53,-0.38605
36.6939,857.54,-0.386401
37.2914,857.55,-0.386798
37.8832,857.559,-0.387604
38.5055,857.57,-0.388522
39.027,857.578,-0.389134
39.6103,857.588,-0.389598
40.1907,857.597,-0.389742
40.7629,857.606,-0.389738
41.3333,857.616,-0.389848
41.9064,857.625,-0.390275
42.4678,857.634,-0.390741
43.0874,857.644,-0.391171
43.6389,857.652,-0.391395
44.1301,857.66,-0.391523
44.6827,857.669,-0.391646
45.2251,857.677,-0.391719
45.7167,857.685,-0.391796
46.2752,857.694,-0.39204
46.8136,857.702,-0.392428
47.3367,857.71,-0.392632
47.8702,857.718,-0.392513
48.4096,857.727,-0.392248
48.9641,857.735,-0.391968
49.4644,857.743,-0.385082
49.862,857.748,-0.367141
50.1504,857.75,-0.358001
50.4521,857.754,-0.372706
50.737,857.758,-0.381962
50.9237,857.76,-0.366086
51.0369,857.762,-0.362654
51.1472,857.763,-0.379494
51.2647,857.764,-0.391738
51.5005,857.768,-0.399554
51.675,857.77,-0.408982
51.9073,857.773,-0.414289
52.1707,857.777,-0.409569
52.4382,857.781,-0.398317
52.7279,857.785,-0.39224
52.963,857.788,-0.391347
53.2253,857.791,-0.391403
53.4906,857.792,-0.391299
53.7474,857.791,-0.391106
54.0197,857.791,-0.391102
54.2454,857.792,-0.391232
54.5003,857.794,-0.391405
54.7537,857.795,-0.391536
55.0081,857.797,-0.391567
55.2599,857.797,-0.391441
55.5135,857.798,-0.3912
55.7675,857.796,-0.390961
56.017,857.79,-0.390882
56.2842,857.779,-0.391305
56.4978,857.769,-0.391645
56.7415,857.758,-0.391465
56.9886,857.749,-0.390834
57.2252,857.742,-0.390243
57.4445,857.735,-0.389828
57.6779,857.727,-0.38944
57.9136,857.718,-0.389072
58.1465,857.708,-0.388741
58.3785,857.699,-0.388326
58.6106,857.686,-0.38774
58.8725,857.669,-0.391565
59.1316,857.648,-0.400513
59.4517,857.622,-0.39974
59.7802,857.596,-0.388605
60.0964,857.567,-0.381794
60.4104,857.53,-0.379549
60.7137,857.485,-0.37923
61.013,857.432,-0.379615
61.3081,857.376,-0.379129
61.5714,857.325,-0.377806
61.8553,857.266,-0.376051
62.1338,857.197,-0.374393
62.3976,857.121,-0.373201
62.6527,857.036,-0.372216
62.8938,856.944,-0.371275
63.1428,856.836,-0.371705
63.3634,856.73,-0.373103
63.5878,856.617,-0.373773
63.781,856.517,-0.373694
63.9974,856.402,-0.373445
64.2119,856.286,-0.373139
64.4242,856.168,-0.372377
64.6302,856.05,-0.371271
64.8326,855.927,-0.370162
65.0214,855.803,-0.369095
65.182,855.691,-0.368414
65.3592,855.561,-0.368661
65.5333,855.428,-0.369155
65.7294,855.278,-0.37683
65.9843,855.083,-0.382575
66.2116,854.907,-0.374792
66.4401,854.728,-0.368499
66.6405,854.57,-0.366632
66.8591,854.392,-0.367027
67.0874,854.196,-0.367956
67.2693,854.03,-0.368049
67.4747,853.833,-0.367318
67.6584,853.645,-0.36638
67.8238,853.463,-0.366143
68.002,853.251,-0.367514
68.1571,853.058,-0.368931
68.3095,852.864,-0.369313
68.4599,852.669,-0.368562
68.5829,852.5,-0.367809
68.7107,852.308,-0.367244
68.8253,852.12,-0.36709
68.9332,851.926,-0.369928
69.0593,851.688,-0.382173
69.1994,851.415,-0.387033
69.3458,851.115,-0.378115
69.4616,850.867,-0.372247
69.5857,850.589,-0.369512
69.6977,850.315,-0.368971
69.7995,850.031,-0.368731
69.8758,849.788,-0.369281
69.9518,849.519,-0.370595
70.0258,849.244,-0.371689
70.1008,848.965,-0.375874
70.1965,848.605,-0.386965
70.2846,848.269,-0.382637
70.3638,847.967,-0.3761
70.4519,847.634,-0.372561
70.5339,847.323,-0.372031
70.6259,846.97,-0.372064
70.7159,846.622,-0.371446
70.8023,846.282,-0.370442
70.8729,845.986,-0.369659
70.9384,845.686,-0.368979
71.0001,845.366,-0.368374
71.0508,845.053,-0.367616
71.0963,844.69,-0.367077
71.1237,844.405,-0.367073
71.1518,844.074,-0.367384
71.179,843.755,-0.368149
71.2067,843.439,-0.373762
71.2425,843.046,-0.385116
71.2786,842.651,-0.385383
71.3141,842.252,-0.375106
71.3513,841.825,-0.367244
71.3854,841.433,-0.364694
71.4192,841.038,-0.363841
71.4477,840.68,-0.36297
71.469,840.35,-0.361979
71.4869,839.948,-0.361176
71.4986,839.577,-0.360733
71.5137,839.157,-0.36021
71.5312,838.776,-0.35955
71.5499,838.385,-0.358775
71.5689,837.969,-0.366559
71.5866,837.562,-0.368812
71.6069,837.078,-0.360543
71.6222,836.696,-0.355427
71.6358,836.265,-0.353253
71.6446,835.831,-0.352904
71.6545,835.404,-0.352451
71.667,834.978,-0.351355
71.6793,834.557,-0.350013
71.691,834.146,-0.349009
71.7015,833.77,-0.348418
71.7129,833.352,-0.347958
71.7238,832.947,-0.347416
71.7347,832.544,-0.34668
71.7458,832.14,-0.345829
71.7573,831.721,-0.344925
71.7682,831.322,-0.344161
71.7788,830.936,-0.343462
71.7904,830.512,-0.342741
71.801,830.123,-0.342061
71.8117,829.731,-0.341382
71.822,829.353,-0.34072
71.8326,828.965,-0.339841
71.8417,828.629,-0.338961
71.852,828.254,-0.338094
71.8618,827.895,-0.337359
71.8721,827.514,-0.336691
71.8822,827.145,-0.33605
71.8922,826.776,-0.335359
71.9021,826.411,-0.334674
71.9126,826.026,-0.333902
71.9232,825.636,-0.339773
71.9353,825.196,-0.349161
71.9477,824.736,-0.348437
71.9602,824.272,-0.337516
71.9722,823.827,-0.337613
71.986,823.311,-0.338492
72.0009,822.753,-0.331698
72.0136,822.276,-0.327017
72.0269,821.761,-0.324654
72.0359,821.248,-0.324184
72.038,820.749,-0.324514
72.0394,820.244,-0.325868
72.0432,819.708,-0.328133
72.0463,819.254,-0.329899
72.0452,818.716,-0.331347
72.0348,818.226,-0.334589
72.0196,817.789,-0.34395
72.0047,817.356,-0.355007
71.9892,816.796,-0.371246
71.9783,816.37,-0.384572
71.9665,815.876,-0.395782
71.9539,815.373,-0.402182
71.9377,814.903,-0.404132
71.9117,814.437,-0.402866
71.8736,813.969,-0.400848
71.8224,813.505,-0.401203
71.7651,813.055,-0.404313
71.7082,812.605,-0.407849
71.6503,812.11,-0.411009
71.6047,811.7,-0.408624
71.5515,811.226,-0.403764
71.4968,810.767,-0.401941
71.4453,810.381,-0.401674
71.3779,809.947,-0.40201
71.2979,809.509,-0.403093
71.2231,809.158,-0.402928
71.1217,808.746,-0.401761
70.9961,808.316,-0.399515
70.882,807.985,-0.397506
70.7406,807.633,-0.395252
70.5874,807.306,-0.393714
70.4169,806.993,-0.393108
70.2353,806.705,-0.39486
70.0551,806.451,-0.398355
69.8341,806.164,-0.402311
69.6571,805.946,-0.403946
69.4465,805.697,-0.404859
69.2286,805.447,-0.405525
69.0151,805.209,-0.406087
68.7978,804.97,-0.406594
68.6162,804.77,-0.407162
68.3763,804.503,-0.408424
68.1855,804.29,-0.408873
67.976,804.058,-0.408119
67.7623,803.825,-0.407434
67.5522,803.605,-0.407556
67.3215,803.374,-0.407021
67.11,803.172,-0.406007
66.8917,802.977,-0.405235
66.6668,802.789,-0.404699
66.481,802.646,-0.404418
66.258,802.487,-0.40404
66.0811,802.373,-0.403634
65.8573,802.244,-0.403202
65.6781,802.153,-0.403842
65.4563,802.053,-0.406677
65.2521,801.968,-0.409155
65.0337,801.882,-0.410835
64.8052,801.795,-0.420564
64.5211,801.693,-0.43077
64.1971,801.584,-0.431466
63.8406,801.472,-0.421184
63.5037,801.368,-0.41587
63.2717,801.297,-0.415269
62.9489,801.197,-0.415736
62.6199,801.099,-0.416338
62.271,801.002,-0.416534
61.9833,800.921,-0.417423
61.6621,800.827,-0.421052
61.3423,800.734,-0.425228
60.9915,800.632,-0.435995
60.6352,800.529,-0.439471
60.2774,800.426,-0.436839
59.8894,800.321,-0.433821
59.523,800.23,-0.432331
59.2173,800.162,-0.431732
58.8709,800.096,-0.431474
58.5296,800.043,-0.431593
58.2011,800.005,-0.431839
57.9316,799.986,-0.432164
57.6073,799.974,-0.433794
57.2571,799.974,-0.435775
56.9803,799.979,-0.437114
56.6288,799.987,-0.447377
56.2178,799.999,-0.45672
55.7978,800.015,-0.450981
55.3858,800.031,-0.441731
54.9579,800.045,-0.436594
54.5285,800.061,-0.434124
54.1307,800.075,-0.432406
53.7346,800.09,-0.430498
53.3341,800.105,-0.429158
52.942,800.123,-0.429055
52.5948,800.143,-0.429501
52.2002,800.166,-0.430132
51.8131,800.186,-0.430535
51.3832,800.209,-0.430348
51.0387,800.232,-0.429725
50.6574,800.267,-0.428875
50.2918,800.31,-0.428211
49.9074,800.37,-0.428077
49.567,800.434,-0.428613
49.1836,800.514,-0.428616
48.8662,800.582,-0.427702
48.5156,800.659,-0.426012
48.1741,800.74,-0.424307
47.8372,800.833,-0.42306
47.5237,800.933,-0.42204
47.2479,801.033,-0.420723
46.9535,801.153,-0.419612
46.6729,801.282,-0.418646
46.4037,801.422,-0.418735
46.1501,801.568,-0.420196
45.9003,801.721,-0.421391
45.654,801.876,-0.421888
45.384,802.051,-0.421995
45.1727,802.19,-0.421921
44.9204,802.359,-0.421635
44.6818,802.518,-0.420927
44.4453,802.674,-0.420109
44.2053,802.832,-0.419441
44.0063,802.964,-0.419324
43.7725,803.12,-0.419655
43.523,803.287,-0.420037
43.3105,803.431,-0.41968
43.0925,803.583,-0.419408
42.8689,803.746,-0.419358
42.6566,803.907,-0.418712
42.436,804.085,-0.418003
42.2438,804.25,-0.418686
42.0781,804.398,-0.419931
41.8887,804.574,-0.420543
41.7017,804.746,-0.41998
41.5173,804.918,-0.419173
41.3371,805.091,-0.418823
41.161,805.265,-0.417968
41.0079,805.414,-0.41697
40.7713,805.641,-0.425823
40.58,805.825,-0.423484
40.3682,806.029,-0.416277
40.1569,806.234,-0.411837
39.9485,806.436,-0.410925
39.7474,806.632,-0.410755
39.5504,806.824,-0.409921
39.325,807.047,-0.408578
39.1283,807.246,-0.407398
38.9169,807.458,-0.412641
38.6966,807.676,-0.419756
38.4426,807.927,-0.413569
38.1981,808.17,-0.40587
37.9169,808.449,-0.40636
37.669,808.696,-0.412023
37.3838,808.979,-0.4072
37.1016,809.26,-0.401462
36.8282,809.532,-0.398948
36.5523,809.805,-0.398545
36.2791,810.077,-0.398427
36.0019,810.352,-0.397563
35.7029,810.65,-0.396621
35.4521,810.899,-0.396849
35.1563,811.193,-0.39813
34.8844,811.463,-0.399519
34.6202,811.726,-0.400954
34.3903,811.954,-0.402192
34.1286,812.214,-0.402849
33.8854,812.452,-0.403436
33.6183,812.708,-0.404657
33.3525,812.961,-0.405815
33.0828,813.222,-0.406769
32.8263,813.471,-0.407353
32.5701,813.72,-0.407811
32.3122,813.97,-0.408134
32.0583,814.215,-0.408503
31.7825,814.481,-0.409027
31.5571,814.699,-0.40943
31.3026,814.945,-0.410019
31.0558,815.182,-0.410192
30.831,815.399,-0.409586
30.5739,815.648,-0.408041
30.3258,815.888,-0.405923
30.0872,816.125,-0.404055
29.8483,816.368,-0.402936
29.6217,816.602,-0.402498
29.393,816.84,-0.402226
29.1669,817.087,-0.402345
28.9435,817.346,-0.402997
28.7537,817.581,-0.403693
28.5868,817.804,-0.404038
28.4403,818.016,-0.404169
28.2644,818.297,-0.405134
28.133,818.533,-0.406544
28.0267,818.746,-0.40889
27.9139,818.991,-0.410854
27.8073,819.235,-0.411597
27.6997,819.489,-0.412141
27.5909,819.755,-0.412533
27.4958,819.993,-0.41282
27.4092,820.213,-0.413176
27.3125,820.457,-0.413557
27.2149,820.7,-0.413579
27.117,820.944,-0.413492
27.0222,821.182,-0.413676
26.938,821.396,-0.414044
26.8386,821.647,-0.414526
26.7448,821.881,-0.414915
26.6503,822.117,-0.414985
26.5502,822.37,-0.414713
26.462,822.602,-0.414501
26.3765,822.841,-0.414565
26.2958,823.081,-0.414278
26.2335,823.282,-0.413094
26.17,823.508,-0.411472
26.1163,823.726,-0.410829
26.0735,823.923,-0.411994
26.0287,824.145,-0.414345
25.984,824.364,-0.415349
25.939,824.581,-0.413219
25.8939,824.797,-0.410021
25.8484,825.011,-0.408558
25.8005,825.234,-0.410608
25.7555,825.446,-0.412679
25.7119,825.656,-0.412811
25.6707,825.859,-0.411114
25.6289,826.079,-0.409592
25.5985,826.257,-0.410002
25.566,826.478,-0.413687
25.5413,826.678,-0.418269
25.5219,826.873,-0.421551
25.5083,827.048,-0.419667
25.4934,827.255,-0.41477
25.473,827.512,-0.412534
25.45,827.8,-0.404399
25.4279,828.081,-0.393505
25.4026,828.391,-0.388169
25.3793,828.669,-0.387363
25.359,828.916,-0.386648
25.3354,829.211,-0.389034
25.3103,829.531,-0.395823
25.2825,829.891,-0.39035
25.26,830.182,-0.386236
25.2364,830.504,-0.385053
25.2171,830.822,-0.385171
25.2015,831.182,-0.385702
25.1885,831.499,-0.385703
25.1721,831.815,-0.384952
25.1539,832.133,-0.384714
25.1361,832.456,-0.388249
25.1195,832.779,-0.39801
25.0987,833.19,-0.406036
25.0754,833.651,-0.408792
25.0489,834.176,-0.408057
25.021,834.723,-0.406104
24.995,835.233,-0.400829
24.9659,835.807,-0.391783
24.937,836.378,-0.387642
24.9086,836.942,-0.387084
24.8793,837.524,-0.38778
24.8491,838.126,-0.388403
24.8218,838.672,-0.388755
24.7931,839.245,-0.389254
24.7688,839.726,-0.389346
24.7415,840.266,-0.389467
24.713,840.832,-0.389506
24.6884,841.323,-0.389924
24.6618,841.857,-0.389095
24.635,842.391,-0.386778
24.6085,842.919,-0.384424
24.5826,843.436,-0.383099
24.5565,843.96,-0.382946
24.5302,844.497,-0.372034
24.5123,844.872,-0.355306
24.5005,845.131,-0.347
24.4919,845.328,-0.344551
24.4889,845.432,-0.351676
