122.572,558.638,-0.38903
122.463,558.637,-0.393559
122.326,558.636,-0.390732
122.225,558.636,-0.391021
122.117,558.636,-0.391112
121.995,558.636,-0.3905
121.871,558.636,-0.390584
121.762,558.636,-0.390837
121.629,558.635,-0.395462
121.411,558.631,-0.399588
121.283,558.627,-0.400198
121.146,558.623,-0.399492
120.965,558.617,-0.397549
120.767,558.609,-0.395273
120.593,558.602,-0.394027
120.357,558.59,-0.39411
120.089,558.576,-0.394642
119.837,558.56,-0.394908
119.517,558.538,-0.395546
119.287,558.522,-0.395392
118.945,558.498,-0.393478
118.646,558.475,-0.391133
118.307,558.45,-0.388499
117.907,558.419,-0.386443
117.503,558.388,-0.385763
117.119,558.358,-0.38566
116.695,558.325,-0.385324
116.229,558.289,-0.38446
115.795,558.257,-0.383776
115.261,558.219,-0.382572
114.767,558.185,-0.381445
114.247,558.151,-0.380628
113.719,558.118,-0.38014
113.282,558.092,-0.380116
112.697,558.06,-0.380225
112.079,558.028,-0.380073
111.503,558,-0.379595
110.955,557.975,-0.37836
110.375,557.95,-0.375058
109.763,557.926,-0.373621
109.155,557.904,-0.372116
108.565,557.883,-0.371447
108.081,557.868,-0.371485
107.501,557.85,-0.37219
106.97,557.834,-0.373047
106.494,557.821,-0.373899
105.931,557.805,-0.374879
105.396,557.792,-0.376035
104.886,557.779,-0.376933
104.405,557.766,-0.376628
103.884,557.754,-0.376115
103.378,557.742,-0.375876
102.923,557.731,-0.376056
102.394,557.719,-0.376717
101.944,557.708,-0.37746
101.429,557.696,-0.377991
100.996,557.686,-0.37831
100.489,557.674,-0.37854
100.079,557.664,-0.378962
99.6028,557.653,-0.379767
99.1415,557.642,-0.380439
98.6784,557.631,-0.380835
98.2066,557.619,-0.381095
97.8847,557.612,-0.381204
97.4356,557.6,-0.381282
96.9853,557.589,-0.38173
96.5095,557.577,-0.382312
96.1198,557.567,-0.382571
95.6959,557.556,-0.382705
95.2327,557.544,-0.382967
94.7969,557.533,-0.383182
94.4242,557.523,-0.383331
93.9887,557.511,-0.383704
93.5504,557.499,-0.383988
93.0952,557.486,-0.384819
92.6587,557.474,-0.385997
92.2396,557.462,-0.387105
91.8518,557.451,-0.387904
91.4888,557.44,-0.388455
91.0625,557.427,-0.388528
90.6834,557.415,-0.389129
90.2049,557.401,-0.389893
89.8463,557.389,-0.390646
89.4111,557.375,-0.391629
88.997,557.362,-0.391036
88.5999,557.348,-0.389831
88.176,557.332,-0.38861
87.7715,557.316,-0.387732
87.3634,557.298,-0.386775
86.955,557.279,-0.385732
86.498,557.255,-0.38461
86.0902,557.232,-0.383471
85.7857,557.213,-0.382575
85.3685,557.184,-0.381094
84.9422,557.152,-0.378885
84.5047,557.113,-0.376537
84.109,557.075,-0.375198
83.751,557.036,-0.374162
83.3167,556.983,-0.372883
82.8912,556.926,-0.37145
82.4866,556.866,-0.370006
82.0829,556.799,-0.368893
81.6799,556.725,-0.367846
81.293,556.648,-0.366557
80.8941,556.56,-0.365186
80.4891,556.464,-0.364244
80.0781,556.357,-0.363319
79.6535,556.237,-0.362522
79.2398,556.109,-0.362075
78.9591,556.017,-0.362064
78.5409,555.869,-0.362655
78.2146,555.745,-0.363432
77.7754,555.567,-0.364326
77.4304,555.417,-0.364677
77.0589,555.244,-0.364745
76.6531,555.043,-0.364692
76.3084,554.861,-0.364729
75.9352,554.653,-0.365108
75.5969,554.453,-0.365524
75.2019,554.205,-0.36547
74.8602,553.978,-0.365326
74.5078,553.731,-0.365834
74.246,553.537,-0.36707
73.9002,553.269,-0.369698
73.5601,552.99,-0.372109
73.3001,552.767,-0.373309
72.971,552.469,-0.373675
72.666,552.178,-0.373248
72.3684,551.878,-0.372317
72.0793,551.571,-0.371072
71.7965,551.254,-0.369816
71.5445,550.957,-0.369537
71.283,550.632,-0.370242
71.0287,550.298,-0.371494
70.7762,549.946,-0.372131
70.5607,549.628,-0.372412
70.3418,549.288,-0.373062
70.1138,548.911,-0.374071
69.8818,548.501,-0.375711
69.7369,548.229,-0.376857
69.5432,547.843,-0.37798
69.3586,547.449,-0.378715
69.21,547.11,-0.379247
69.0563,546.734,-0.379664
68.9035,546.33,-0.379914
68.7583,545.911,-0.37981
68.6254,545.492,-0.379437
68.5081,545.087,-0.378524
68.42,544.755,-0.377572
68.3116,544.305,-0.37648
68.224,543.898,-0.375855
68.1338,543.423,-0.375653
68.0655,543.012,-0.375155
68.0205,542.708,-0.374033
67.9644,542.279,-0.371245
67.916,541.848,-0.368294
67.8731,541.391,-0.366693
67.8404,540.963,-0.366608
67.8167,540.582,-0.366725
67.7938,540.113,-0.366492
67.7779,539.668,-0.36644
67.7676,539.223,-0.3667
67.7626,538.769,-0.367123
67.7625,538.293,-0.36768
67.7671,537.808,-0.368045
67.7746,537.379,-0.368152
67.7877,536.866,-0.368035
67.8018,536.413,-0.367762
67.8214,535.884,-0.367514
67.8438,535.357,-0.366901
67.8677,534.842,-0.366227
67.8903,534.381,-0.365722
67.9183,533.838,-0.365403
67.9444,533.351,-0.364924
67.9746,532.801,-0.364139
68.0083,532.182,-0.362866
68.0404,531.584,-0.361617
68.0723,530.977,-0.360255
68.1037,530.363,-0.35892
68.1355,529.719,-0.357771
68.1663,529.073,-0.356896
68.197,528.396,-0.356026
68.2248,527.739,-0.355266
68.2519,527.036,-0.354673
68.2767,526.307,-0.353941
68.2981,525.575,-0.353294
68.3187,524.722,-0.351504
68.3302,524.147,-0.350722
68.343,523.33,-0.351885
68.3519,522.481,-0.345343
68.3576,521.579,-0.337707
68.3604,520.757,-0.334995
68.3615,519.938,-0.33462
68.3611,518.996,-0.335348
68.3596,518.074,-0.335969
68.3583,517.205,-0.335915
68.3578,516.202,-0.337065
68.3583,515.104,-0.338927
68.3598,514.279,-0.340091
68.3628,513.428,-0.341067
68.3683,512.4,-0.341666
68.3764,511.346,-0.341898
68.3873,510.253,-0.342376
68.4011,509.149,-0.343371
68.4141,508.244,-0.344402
68.4354,506.954,-0.345841
68.4534,505.985,-0.346254
68.4783,504.768,-0.346106
68.506,503.541,-0.34412
68.5355,502.341,-0.340347
68.5658,501.186,-0.334311
68.5977,500.036,-0.329352
68.626,499.064,-0.326648
68.6559,498.069,-0.3247
68.69,496.966,-0.322908
68.7242,495.883,-0.321326
68.7609,494.737,-0.31961
68.7955,493.672,-0.318032
68.8249,492.769,-0.316758
68.8605,491.685,-0.315218
68.8958,490.614,-0.313471
68.9282,489.629,-0.311683
68.9612,488.622,-0.309934
68.9927,487.66,-0.308372
69.0236,486.711,-0.306961
69.0533,485.795,-0.305603
69.0828,484.878,-0.304246
69.1079,484.092,-0.302956
69.1334,483.288,-0.301709
69.1644,482.298,-0.300246
69.1889,481.506,-0.299274
69.2149,480.657,-0.298462
69.2397,479.836,-0.297927
69.2642,479.024,-0.297926
69.2878,478.232,-0.298066
69.3108,477.457,-0.297889
69.3338,476.68,-0.297808
69.3586,475.838,-0.297968
69.3806,475.088,-0.298293
69.4021,474.354,-0.298863
69.4233,473.63,-0.299525
69.4379,473.131,-0.299917
69.4581,472.442,-0.300469
69.4773,471.787,-0.300876
69.4983,471.07,-0.301061
69.5149,470.508,-0.30095
69.5328,469.895,-0.300893
69.5506,469.287,-0.30103
69.5681,468.696,-0.300907
69.5859,468.105,-0.30039
69.6034,467.528,-0.301348
69.6179,467.051,-0.304399
69.6349,466.487,-0.304513
69.6488,466.031,-0.303337
69.6659,465.467,-0.302337
69.6795,465.02,-0.302092
69.6947,464.518,-0.302446
69.709,464.049,-0.303348
69.722,463.62,-0.304448
69.7357,463.171,-0.305315
69.7505,462.685,-0.305195
69.7623,462.296,-0.302114
69.7753,461.862,-0.29725
69.7851,461.534,-0.294688
69.7952,461.194,-0.293488
69.8029,460.934,-0.293232
69.8107,460.667,-0.293423
69.8165,460.465,-0.293556
69.8211,460.305,-0.294319
69.8241,460.197,-0.296517
69.8273,460.08,-0.299661
69.8299,459.98,-0.302409
69.8342,459.826,-0.306068
69.8383,459.69,-0.308811
69.8424,459.562,-0.309134
69.8459,459.452,-0.308125
69.8502,459.325,-0.309161
69.8541,459.21,-0.310215
69.8579,459.097,-0.308854
